State,Percentage
NSW,18.27095522
VIC,26.73533797
QLD,26.54524175
SA,14.87080103
WA,31.52466149
TAS,15.32590759
NT,11.41804788
ACT,33.98378865
